{"accuracy": 0.7657103825136612, "report": {"positive": {"precision": 0.7995249406175772, "recall": 0.9171662125340599, "f1-score": 0.8543147208121827, "support": 1835.0}, "negative": {"precision": 0.6176470588235294, "recall": 0.47419354838709676, "f1-score": 0.5364963503649635, "support": 620.0}, "neutral": {"precision": 0.7636887608069164, "recall": 0.5602536997885835, "f1-score": 0.6463414634146342, "support": 473.0}, "accuracy": 0.7657103825136612, "macro avg": {"precision": 0.726953586749341, "recall": 0.65053782023658, "f1-score": 0.6790508448639269, "support": 2928.0}, "weighted avg": {"precision": 0.7552234379663639, "recall": 0.7657103825136612, "f1-score": 0.7534203422512824, "support": 2928.0}}}